Variable ID,Variable name,Variable synonyms,Context of use,Growth stage,Variable status,Variable Xref,Institution,Scientist,Date,Language,Crop
CO_330:0000223,PlGwht_Et_1to6,"HABIT, PGH",Characterizing stocks,,Recommended,,CIP,Curator,2016-04-04 00:00:00,EN,Potato
CO_330:0000224,Flwdgr_Et_0to7,FLOWERING,Characterizing stocks,,Recommended,,CIP,Curator,2016-04-04 00:00:00,EN,Potato
CO_330:0000225,CorSh_Et_1to9,CORSHAP,Characterizing stocks,,Recommended,,CIP,Curator,2016-04-04 00:00:00,EN,Potato
CO_330:0000226,FlwNIn_Et_0to7,NIPP,Characterizing stocks,,Recommended,,CIP,Curator,2016-04-04 00:00:00,EN,Potato
CO_330:0000227,FlwNum_Et_1to9,NFWP,Characterizing stocks,,Recommended,,CIP,Curator,2016-04-04 00:00:00,EN,Potato
CO_330:0000228,FlrAnP_Et_1to9,ANTPIG,Characterizing stocks,,Recommended,,CIP,Curator,2016-04-04 00:00:00,EN,Potato
CO_330:0000229,FlrPPg_Et_0to8,PISP,Characterizing stocks,,Recommended,,CIP,Curator,2016-04-04 00:00:00,EN,Potato
CO_330:0000230,FrtShp_Et_1to7,FRUTSHP,Characterizing stocks,,Recommended,,CIP,Curator,2016-04-04 00:00:00,EN,Potato
CO_330:0000231,FrtCol_Et_1to7,FRUIT,Characterizing stocks,,Recommended,,CIP,Curator,2016-04-04 00:00:00,EN,Potato
CO_330:0000232,Pedcol_Et_1to8,PEDPIG,Characterizing stocks,,Recommended,,CIP,Curator,2016-04-04 00:00:00,EN,Potato
CO_330:0000233,Calcol_Et_1to7,CALPIG,Characterizing stocks,,Recommended,,CIP,Curator,2016-04-04 00:00:00,EN,Potato
CO_330:0000234,SedPro_Et_0to5,SPBE,Characterizing stocks,,Recommended,,CIP,Curator,2016-04-04 00:00:00,EN,Potato
CO_330:0000235,FlrShp_Et_1to5,STSHAPE,Characterizing stocks,,Recommended,,CIP,Curator,2016-04-04 00:00:00,EN,Potato
CO_330:0000236,LefShp_Et_1to3,LEATY,Characterizing stocks,,Recommended,,CIP,Curator,2016-04-04 00:00:00,EN,Potato
CO_330:0000237,LaLfN_Et_0to8,NPLL,Characterizing stocks,,Recommended,,CIP,Curator,2016-04-04 00:00:00,EN,Potato
CO_330:0000238,AdLfC_Et_1to9,CADSL,Characterizing stocks,,Recommended,,CIP,Curator,2016-04-04 00:00:00,EN,Potato
CO_330:0000239,AbLfC_Et_1to9,CABSL,Characterizing stocks,,Recommended,,CIP,Curator,2016-04-04 00:00:00,EN,Potato
CO_330:0000240,AdLfTd_Et_0to3,TDLAS,Characterizing stocks,,Recommended,,CIP,Curator,2016-04-04 00:00:00,EN,Potato
CO_330:0000241,AbLfTd_Et_0to3,TDLAS2,Characterizing stocks,,Recommended,,CIP,Curator,2016-04-04 00:00:00,EN,Potato
CO_330:0000242,ApLfSz_Et_1to7,APLSI,Characterizing stocks,,Recommended,,CIP,Curator,2016-04-04 00:00:00,EN,Potato
CO_330:0000243,ApLfSh_Et_1to7,APLSH,Characterizing stocks,,Recommended,,CIP,Curator,2016-04-04 00:00:00,EN,Potato
CO_330:0000244,LaLfSh_Et_1to7,LALESH,Characterizing stocks,,Recommended,,CIP,Curator,2016-04-04 00:00:00,EN,Potato
CO_330:0000245,BShTLf_Et_1to7,BSHTL,Characterizing stocks,,Recommended,,CIP,Curator,2016-04-04 00:00:00,EN,Potato
CO_330:0000246,AShTLf_Et_1to9,ASHTL,Characterizing stocks,,Recommended,,CIP,Curator,2016-04-04 00:00:00,EN,Potato
CO_330:0000247,MStPg_Et_1to7,STMPG,Characterizing stocks,,Recommended,,CIP,Curator,2016-04-04 00:00:00,EN,Potato
CO_330:0000248,StWgSh_Et_0to3,STMWNG,Characterizing stocks,,Recommended,,CIP,Curator,2016-04-04 00:00:00,EN,Potato
CO_330:0000249,PSknCol_Et_1to9,TBSKN1,Characterizing stocks,,Recommended,,CIP,Curator,2016-04-04 00:00:00,EN,Potato
CO_330:0000250,SknCPI_Et_1to3,TBSKN2,Characterizing stocks,,Recommended,,CIP,Curator,2016-04-04 00:00:00,EN,Potato
CO_330:0000251,SknCSc_Et_0to9,TBSKN3,Characterizing stocks,,Recommended,,CIP,Curator,2016-04-04 00:00:00,EN,Potato
CO_330:0000252,SknCScD_Et_0to7,TBSKN4,Characterizing stocks,,Recommended,,CIP,Curator,2016-04-04 00:00:00,EN,Potato
CO_330:0000253,PFlshCol_Et_1to8,TBFSH1,Characterizing stocks,,Recommended,,CIP,Curator,2016-04-04 00:00:00,EN,Potato
CO_330:0000254,FlsCSc_Et_0to8,TBFSH2,Characterizing stocks,,Recommended,,CIP,Curator,2016-04-04 00:00:00,EN,Potato
CO_330:0000255,FlsCSD_Et_0to7,TBFSH3,Characterizing stocks,,Recommended,,CIP,Curator,2016-04-04 00:00:00,EN,Potato
CO_330:0000256,RtShp_Et_1to8,TBSHP1,Characterizing stocks,,Recommended,,CIP,Curator,2016-04-04 00:00:00,EN,Potato
CO_330:0000257,RtShp_Et_0to9,TBSHP2,Characterizing stocks,,Recommended,,CIP,Curator,2016-04-04 00:00:00,EN,Potato
CO_330:0000258,DpEyTb_Et_1to9,TBSHP3,Characterizing stocks,,Recommended,,CIP,Curator,2016-04-04 00:00:00,EN,Potato
CO_330:0000259,PSpCol_Et_1to5,SPROUT1,Characterizing stocks,,Recommended,,CIP,Curator,2016-04-04 00:00:00,EN,Potato
CO_330:0000260,SpScCol_Et_0to5,SPROUT2,Characterizing stocks,,Recommended,,CIP,Curator,2016-04-04 00:00:00,EN,Potato
CO_330:0000261,SpCSD_Et_0to7,SPROUT3,Characterizing stocks,,Recommended,,CIP,Curator,2016-04-04 00:00:00,EN,Potato
CO_330:0000262,Pldy 5_Et_1to5,PLOIDY,Characterizing stocks,,Recommended,,CIP,Curator,2016-04-04 00:00:00,EN,Potato
CO_330:0000265,NTbPl_Ct_plplot,NTP,Evaluation in Breeding Trials,,Recommended,,CIP,Breeders,2017-05-04 00:00:00,EN,Potato
CO_330:0000268,NTbEg_Ct_plplot,NPE,Evaluation in Breeding Trials,,Recommended,,CIP,Breeders,2017-05-04 00:00:00,EN,Potato
CO_330:0000272,PlUnif_Et_1to9,Plant_Unif,Evaluation in Breeding Trials,,Recommended,,CIP,Breeders,2017-05-04 00:00:00,EN,Potato
CO_330:0000276,PlVig_Et_1to9,Plant_Vigor,Evaluation in Breeding Trials,,Recommended,,CIP,Breeders,2017-05-04 00:00:00,EN,Potato
CO_330:0000280,Sen_Et_1to9,SE,Evaluation in Breeding Trials,,Recommended,,CIP,Breeders,2017-05-04 00:00:00,EN,Potato
CO_330:0000283,PPlEg_Cp_per,PPE,Evaluation in Breeding Trials,,Recommended,,CIP,Breeders,2017-05-04 00:00:00,EN,Potato
CO_330:0000287,PltHrv_Ct_plot,NPH,Evaluation in Breeding Trials,Harvest,Recommended,,CIP,Breeders,2017-05-04 00:00:00,EN,Potato
CO_330:0000290,PPlHv_Cp_per,PPH,Evaluation in Breeding Trials,Harvest,Recommended,,CIP,Breeders,2017-05-04 00:00:00,EN,Potato
CO_330:0000293,NMTb_Ct_plot,NMTP,Evaluation in Breeding Trials,Harvest,Recommended,,CIP,Breeders,2017-05-04 00:00:00,EN,Potato
CO_330:0000297,NMTb_Ct_plant,NMTPL,Evaluation in Breeding Trials,Harvest,Recommended,,CIP,Breeders,2017-05-04 00:00:00,EN,Potato
CO_330:0000300,NNoMTb_Ct_plot,NNoMTP,Evaluation in Breeding Trials,Harvest,Recommended,,CIP,Breeders,2017-05-04 00:00:00,EN,Potato
CO_330:0000304,TubN_Ct_plot,TNTP,Evaluation in Breeding Trials,Harvest,Recommended,,CIP,Breeders,2017-05-04 00:00:00,EN,Potato
CO_330:0000305,TubN_Ct_plant,TNTPL,Characterizing stocks,Harvest,Recommended,,CIP,Breeders,2017-05-04 00:00:00,EN,Potato
CO_330:0000308,MTbWg_Ms_kgplot,MTWP,Evaluation in Breeding Trials,Harvest,Recommended,,CIP,Breeders,2017-05-04 00:00:00,EN,Potato
CO_330:0000311,MTbWg_Ms_kgplant,MTWPL,Evaluation in Breeding Trials,Harvest,Recommended,,CIP,Breeders,2017-05-04 00:00:00,EN,Potato
CO_330:0000314,NoMTWg_Ms_kgplot,NoMTWP,Evaluation in Breeding Trials,Harvest,Recommended,,CIP,Breeders,2017-05-04 00:00:00,EN,Potato
CO_330:0000317,TubWg_Cp_kgplot,TTWP,Evaluation in Breeding Trials,Harvest,Recommended,,CIP,Breeders,2017-05-04 00:00:00,EN,Potato
CO_330:0000321,TubWg_Cp_plot,TTWPL,Evaluation in Breeding Trials,Harvest,Recommended,,CIP,Breeders,2017-05-04 00:00:00,EN,Potato
CO_330:0000323,TbYldAj_Cp_tha,TTYA,Evaluation in Breeding Trials,Harvest,Recommended,,CIP,Breeders,2017-05-04 00:00:00,EN,Potato
CO_330:0000324,TbYldNAj_Cp_tha,TTYNA,Evaluation in Breeding Trials,Harvest,Recommended,,CIP,Breeders,2017-05-04 00:00:00,EN,Potato
CO_330:0000327,MkbYldAj_Cp_tha,MTYA,Evaluation in Breeding Trials,Harvest,Recommended,,CIP,Breeders,2017-05-04 00:00:00,EN,Potato
CO_330:0000330,MkYldNAj_Cp_tha,MTYNA,Evaluation in Breeding Trials,Harvest,Recommended,,CIP,Breeders,2017-05-04 00:00:00,EN,Potato
CO_330:0000333,AvTbWg_Cp_g,ATW or MWT,Evaluation in Breeding Trials,Harvest,Recommended,,CIP,Breeders,2017-05-04 00:00:00,EN,Potato
CO_330:0000336,AvTrWg_Cp_g,ATMW or MWMT,Evaluation in Breeding Trials,Harvest,Recommended,,CIP,Breeders,2017-05-04 00:00:00,EN,Potato
CO_330:0000340,NumStn_Et_1to9,Num_Stolon,Evaluation in Breeding Trials,Harvest,Recommended,,CIP,Breeders,2017-05-04 00:00:00,EN,Potato
CO_330:0000344,LgStn_Et_1to9,Leng_Stolon,Evaluation in Breeding Trials,Harvest,Recommended,,CIP,Breeders,2017-05-04 00:00:00,EN,Potato
CO_330:0000348,TubApp_Et_1to9,Tuber_Apper,Evaluation in Breeding Trials,Harvest,Recommended,,CIP,Breeders,2017-05-04 00:00:00,EN,Potato
CO_330:0000352,TubUni_Et_1to9,Tub_Unif,Evaluation in Breeding Trials,Harvest,Recommended,,CIP,Breeders,2017-05-04 00:00:00,EN,Potato
CO_330:0000356,TubSiz_Et_1to9,Tub_Size,Evaluation in Breeding Trials,Harvest,Recommended,,CIP,Breeders,2017-05-04 00:00:00,EN,Potato
CO_330:0000359,LBSv_Et_pct,LB,Evaluation in Breeding Trials,from full emergence until starting of senescense,Recommended,,CIP,Breeders,2017-11-09 00:00:00,EN,Potato
CO_330:0000363,LB_AUDPC_Cp,AUDPC,Evaluation in Breeding Trials,from full emergence until starting of senescense,Recommended,,CIP,Breeders,2017-11-09 00:00:00,EN,Potato
CO_330:0000367,LB_rAUDPC_Cp,"rAUDPC, RAUDPC",Evaluation in Breeding Trials,from full emergence until starting of senescense,Recommended,,CIP,Breeders,2017-11-09 00:00:00,EN,Potato
CO_330:0000371,LB_SAUDPC_Cp,SAUDPC,Evaluation in Breeding Trials,from full emergence until starting of senescense,Recommended,,CIP,Breeders,2017-11-09 00:00:00,EN,Potato
CO_330:0000372,RLb_Et_1to6,LB,Evaluation in Breeding Trials,from full emergence until starting of senescense,Recommended,,CIP,Breeders,2017-11-09 00:00:00,EN,Potato
CO_330:0000373,RPvx_Et_1to7,PVX,Evaluation in Breeding Trials,,Recommended,,CIP,Breeders,2017-11-09 00:00:00,EN,Potato
CO_330:0000374,RPvy_Et_1to7,PVY,Evaluation in Breeding Trials,,Recommended,,CIP,Breeders,2017-11-09 00:00:00,EN,Potato
CO_330:0000375,RPrlv_Et_1to6,PRLV,Evaluation in Breeding Trials,,Recommended,,CIP,Breeders,2017-11-09 00:00:00,EN,Potato
CO_330:0000376,RBw_Et_1to6,BW,Evaluation in Breeding Trials,,Recommended,,CIP,Breeders,2017-11-09 00:00:00,EN,Potato
CO_330:0000377,RRkn_Et_1to7,RKN,Evaluation in Breeding Trials,,Recommended,,CIP,Breeders,2017-11-09 00:00:00,EN,Potato
CO_330:0000378,RLmf_Et_1to5,LMF,Evaluation in Breeding Trials,,Recommended,,CIP,Breeders,2017-11-09 00:00:00,EN,Potato
CO_330:0000379,Flavor_Et_1to5,FLAVOUR,Evaluation in Breeding Trials,Postharvest,Recommended,,CIP,Breeders,2016-04-04 00:00:00,EN,Potato
CO_330:0000380,Textac_Et_1to5,TEXTAC,Evaluation in Breeding Trials,Postharvest,Recommended,,CIP,Breeders,2016-04-04 00:00:00,EN,Potato
CO_330:0000381,Cookqu_Et_1to7,COOKQU,Evaluation in Breeding Trials,Postharvest,Recommended,,CIP,Breeders,2016-04-04 00:00:00,EN,Potato
CO_330:0000382,Afcdar_Et_1to4,AFCDAR,Evaluation in Breeding Trials,Postharvest,Recommended,,CIP,Breeders,2016-04-04 00:00:00,EN,Potato
CO_330:0000383,Flcac_Et_1to8,FLCAC,Evaluation in Breeding Trials,Postharvest,Recommended,,CIP,Breeders,2016-04-04 00:00:00,EN,Potato
CO_330:0000384,Chipping_Et_1to5,CHIPPING,Evaluation in Breeding Trials,Postharvest,Recommended,,CIP,Breeders,2016-04-04 00:00:00,EN,Potato
CO_330:0000388,Ffr_Et_1to5,FFR,Evaluation in Breeding Trials,Postharvest,Recommended,,CIP,Breeders,2017-05-04 00:00:00,EN,Potato
CO_330:0000389,Cootime_Et_1to5,COOTIME,Evaluation in Breeding Trials,Postharvest,Recommended,,CIP,Breeders,2016-04-04 00:00:00,EN,Potato
CO_330:0000390,Tdm_Cp,"PDM, DM",Evaluation in Breeding Trials,Postharvest,Recommended,,CIP,Breeders,2017-05-04 00:00:00,EN,Potato
CO_330:0000394,Sg_Cp,SG,Evaluation in Breeding Trials,Postharvest,Recommended,,CIP,Breeders,2017-05-04 00:00:00,EN,Potato
CO_330:0000395,Aocp_Cp,AOCP,Evaluation in Breeding Trials,Postharvest,Recommended,,CIP,Breeders,2017-05-04 00:00:00,EN,Potato
CO_330:0000396,GGroperl_Et_1to3,GROPER,Evaluation in Breeding Trials,,Recommended,,CIP,Breeders,2017-11-09 00:00:00,EN,Potato
CO_330:0000397,DoPeriod_Ms,DORPD,Evaluation in Breeding Trials,,Recommended,,CIP,Breeders,2017-11-09 00:00:00,EN,Potato
CO_330:0000398,Sppt_1to3,SPPATT,Evaluation in Breeding Trials,,Recommended,,CIP,Breeders,2017-11-09 00:00:00,EN,Potato
CO_330:0000399,Reht_Et_1to4,HEAT,Evaluation in Breeding Trials,,Recommended,,CIP,Breeders,2017-11-09 00:00:00,EN,Potato
CO_330:0000400,ReSl_Et_1to4,SAL,Evaluation in Breeding Trials,,Recommended,,CIP,Breeders,2017-11-09 00:00:00,EN,Potato
CO_330:0000401,PollV_Et_1to7,POLLENV,Evaluation in Breeding Trials,,Recommended,,CIP,Breeders,2017-11-09 00:00:00,EN,Potato
CO_330:0000402,Fedw_Ms_mgkg_DW,FeDW,Evaluation in Breeding Trials,Postharvest,Recommended,,CIP,Breeders,2017-11-09 00:00:00,EN,Potato
CO_330:0000404,Fedw_Ms_mgkg_DW_XRF,FeDW,Evaluation in Breeding Trials,Postharvest,Recommended,,CIP,Breeders,2017-11-09 00:00:00,EN,Potato
CO_330:0000407,Fe_Cp_mg100g_FW,FeFW,Evaluation in Breeding Trials,Postharvest,Recommended,,CIP,Breeders,2017-11-09 00:00:00,EN,Potato
CO_330:0000408,Zndw_Ms_mgkg_DW,ZNDW,Evaluation in Breeding Trials,Postharvest,Recommended,,CIP,Breeders,2017-11-09 00:00:00,EN,Potato
CO_330:0000409,Zndw_Ms_mgkg_DW_XRF,ZNDW,Evaluation in Breeding Trials,Postharvest,Recommended,,CIP,Breeders,2017-11-09 00:00:00,EN,Potato
CO_330:0000412,Zn_Cp_mg100g_FW,ZnFW,Evaluation in Breeding Trials,Postharvest,Recommended,,CIP,Breeders,2017-11-09 00:00:00,EN,Potato
CO_330:0000414,Athto_Ms_mg100g_DW,Antho_DW,Evaluation in Breeding Trials,Postharvest,Recommended,,CIP,Breeders,2017-11-09 00:00:00,EN,Potato
CO_330:0000417,Athto_Cp_mg100g_FW,Antho_FW,Evaluation in Breeding Trials,Postharvest,Recommended,,CIP,Breeders,2017-11-09 00:00:00,EN,Potato
CO_330:0000418,Aah_Ms_ugTrolox_DW,AAH_DW,Evaluation in Breeding Trials,Postharvest,Recommended,,CIP,Breeders,2017-11-09 00:00:00,EN,Potato
CO_330:0000421,Aah_Ms_ugTrolox_FW,AAH_FW,Evaluation in Breeding Trials,Postharvest,Recommended,,CIP,Breeders,2017-11-09 00:00:00,EN,Potato
CO_330:0000422,Aal_Ms_ugTrolox_DW,AAL_DW,Evaluation in Breeding Trials,Postharvest,Recommended,,CIP,Breeders,2017-11-09 00:00:00,EN,Potato
CO_330:0000425,Aal_Ms_ugTrolox_FW,AAL_FW,Evaluation in Breeding Trials,Postharvest,Recommended,,CIP,Breeders,2017-11-09 00:00:00,EN,Potato
CO_330:0000426,Ascdw_Ms_mg100_DW,ASC_DW,Evaluation in Breeding Trials,Postharvest,Recommended,,CIP,Breeders,2017-11-09 00:00:00,EN,Potato
CO_330:0000429,Ascfw_Cp_mg100_FW,ASC_FW,Evaluation in Breeding Trials,Postharvest,Recommended,,CIP,Breeders,2017-11-09 00:00:00,EN,Potato
CO_330:0000432,TubFlsPrt_Ms_pct,"PRO, PROTEIN",Evaluation in Breeding Trials,Postharvest,Recommended,,CIP,Breeders,2017-11-09 00:00:00,EN,Potato
CO_330:0000435,TubFlsSta_Ms_pct,STAR,Evaluation in Breeding Trials,Postharvest,Recommended,,CIP,Breeders,2017-11-09 00:00:00,EN,Potato
CO_330:0000438,TubFlsFru_Ms_pct,FRUC,Evaluation in Breeding Trials,Postharvest,Recommended,,CIP,Breeders,2017-11-09 00:00:00,EN,Potato
CO_330:0000441,TubFlsGlu_Ms_pct,GLUC,Evaluation in Breeding Trials,Postharvest,Recommended,,CIP,Breeders,2017-11-09 00:00:00,EN,Potato
CO_330:0000444,TubFlsSuc_Ms_pct,SUCR,Evaluation in Breeding Trials,Postharvest,Recommended,,CIP,Breeders,2017-11-09 00:00:00,EN,Potato
CO_330:0000447,TubFlsMal_Ms_pct,MALT,Evaluation in Breeding Trials,Postharvest,Recommended,,CIP,Breeders,2017-11-09 00:00:00,EN,Potato
CO_330:0000450,TubFlsFf_Ms_pct,FIBER,Evaluation in Breeding Trials,Postharvest,Recommended,,CIP,Breeders,2017-11-09 00:00:00,EN,Potato
CO_330:0000620,Flwdgr_obs_0-4,FLOWERING,Characterizing stocks,Flowering stage,Recommended,De Haan et al. 2017,CIP,Breeder,2018-10-10 00:00:00,EN,Potato
CO_330:0000621,PSknCol_obs_1-10,,Characterizing stocks,Harvest,Recommended,De Haan et al. 2017,CIP,Breeder,2018-10-10 00:00:00,EN,Potato
CO_330:0000622,PFlshCol_obs_1-9,,Characterizing stocks,Harvest,Recommended,De Haan et al. 2017,CIP,Breeder,2018-10-10 00:00:00,EN,Potato
CO_330:0000623,RLb_obs_1-2,,Biotic stress trait,From full emergence until start of senescense,Recommended,De Haan et al. 2017,CIP,Breeders,2018-10-10 00:00:00,EN,Potato
CO_330:0000624,RPrlv_obs_1-2,,Biotic stress trait,From full emergence until start of senescense,Recommended,De Haan et al. 2017,CIP,Breeders,2018-10-10 00:00:00,EN,Potato
CO_330:0000625,RBw_obs_1-2,,Biotic stress trait,From full emergence until start of senescense,Recommended,De Haan et al. 2017,CIP,Breeders,2018-10-10 00:00:00,EN,Potato
CO_330:0000626,RRkn_obs_1-2,,Biotic stress trait,From full emergence until start of senescense,Recommended,De Haan et al. 2017,CIP,Breeders,2018-10-10 00:00:00,EN,Potato
CO_330:0000627,Reht_obs_1-2,HEAT,Abiotic stress trait,From full emergence until start of senescense,Recommended,De Haan et al. 2017,CIP,Breeders,2018-10-10 00:00:00,EN,Potato
CO_330:0000628,TbTsAc_obs_1-5,"TASTE,FLAVOUR",Evaluation in Breeding Trials,Post-harvest stage,Recommended,De Haan et al. 2017,CIP,Breeder,2018-10-10 00:00:00,EN,Potato
CO_330:0000629,TbTexAc_obs_1-5,"TEXTURE, TEXTAC",Evaluation in Breeding Trials,Post-harvest stage,Recommended,De Haan et al. 2017,CIP,Breeder,2018-10-10 00:00:00,EN,Potato
CO_330:0000630,PlVig_obs_1-3,,Evaluation in Breeding Trials,Flowering stage,Recommended,De Haan et al. 2017,CIP,Breeder,2018-10-10 00:00:00,EN,Potato
CO_330:0000631,Sen_obs_1-4,,Characterizing stocks,Flowering stage,Recommended,De Haan et al. 2017,CIP,Breeder,2018-10-10 00:00:00,EN,Potato
CO_330:0000632,LgStn_obs_1-2,,Characterizing stocks,Harvest,Recommended,De Haan et al. 2017,CIP,Breeder,2018-10-10 00:00:00,EN,Potato
CO_330:0000633,TubSiz_obs_1-4,Tub_Size,Evaluation in Breeding Trials,Harvest,Recommended,De Haan et al. 2017,CIP,Breeder,2018-10-10 00:00:00,EN,Potato
CO_330:0000634,TbMkquHv_obs_1-10,,Evaluation in Breeding Trials,Harvest,Recommended,De Haan et al. 2017,CIP,Breeder,2018-10-10 00:00:00,EN,Potato
CO_330:0000635,TbMkquSt_obs_1-7,,Evaluation in Breeding Trials,Harvest,Recommended,De Haan et al. 2017,CIP,Breeder,2018-10-10 00:00:00,EN,Potato
CO_330:0000636,MprFlw_Ct_plot,"MSM, BSM",Evaluation in Breeding Trials,Flowering stage,Recommended,De Haan et al. 2017,CIP,Breeder,2018-10-10 00:00:00,EN,Potato
CO_330:0000637,WprFlw_Ct_plot,"MSWM, BSWN",Evaluation in Breeding Trials,Flowering stage,Recommended,De Haan et al. 2017,CIP,Breeder,2018-10-10 00:00:00,EN,Potato
CO_330:0000638,MprHar_Ct_plot,"MSM, BSM",Evaluation in Breeding Trials,Havest stage,Recommended,De Haan et al. 2017,CIP,Breeder,2018-10-10 00:00:00,EN,Potato
CO_330:0000639,WprHar_Ct_plot,"MSWM, BSWN",Evaluation in Breeding Trials,Havest stage,Recommended,De Haan et al. 2017,CIP,Breeder,2018-10-10 00:00:00,EN,Potato
CO_330:0000640,MprPHar_Ct_plot,SCORE_MEN,Evaluation in Breeding Trials,Post-harvest stage,Recommended,De Haan et al. 2017,CIP,Breeder,2018-10-10 00:00:00,EN,Potato
CO_330:0000641,WprPHar_Ct_plot,SCORE_WOMEN,Evaluation in Breeding Trials,Post-harvest stage,Recommended,De Haan et al. 2017,CIP,Breeder,2018-10-10 00:00:00,EN,Potato
CO_330:0000642,Ca_Ms_mgkg_DW,CaDW,Evaluation in Breeding Trials,Postharvest,Recommended,,CIP,Breeders,2018-10-10 00:00:00,EN,Potato
CO_330:0000643,Ca_Cp_mg100g_FW,CaFW,Evaluation in Breeding Trials,Postharvest,Recommended,,CIP,Breeders,2018-10-10 00:00:00,EN,Potato
CO_330:0000644,Mg_Ms_mgkg_DW,MgDW,Evaluation in Breeding Trials,Postharvest,Recommended,,CIP,Breeders,2018-10-10 00:00:00,EN,Potato
CO_330:0000645,Mg_Cp_mg100g_FW,MgFW,Evaluation in Breeding Trials,Postharvest,Recommended,,CIP,Breeders,2018-10-10 00:00:00,EN,Potato
CO_330:0000646,K_Ms_mgkg_DW,KDW,Evaluation in Breeding Trials,Postharvest,Recommended,,CIP,Breeders,2018-10-10 00:00:00,EN,Potato
CO_330:0000647,K_Cp_mg100g_FW,KFW,Evaluation in Breeding Trials,Postharvest,Recommended,,CIP,Breeders,2018-10-10 00:00:00,EN,Potato
CO_330:0000648,P_Ms_mgkg_DW,PDW,Evaluation in Breeding Trials,Postharvest,Recommended,,CIP,Breeders,2018-10-10 00:00:00,EN,Potato
CO_330:0000649,P_Cp_mg100g_FW,PFW,Evaluation in Breeding Trials,Postharvest,Recommended,,CIP,Breeders,2018-10-10 00:00:00,EN,Potato
CO_330:0000650,S_Ms_mgkg_DW,SDW,Evaluation in Breeding Trials,Postharvest,Recommended,,CIP,Breeders,2018-10-10 00:00:00,EN,Potato
CO_330:0000651,S_Cp_mg100g_FW,SFW,Evaluation in Breeding Trials,Postharvest,Recommended,,CIP,Breeders,2018-10-10 00:00:00,EN,Potato
CO_330:0000652,Chloac_mg100g_Ms_DW,Chloac_DW,Evaluation in Breeding Trials,Postharvest,Recommended,,CIP,Breeders,2018-10-10 00:00:00,EN,Potato
CO_330:0000653,Chloac_Cp_mg100g_FW,Chloac_FW,Evaluation in Breeding Trials,Postharvest,Recommended,,CIP,Breeders,2018-10-10 00:00:00,EN,Potato
CO_330:0000654,CafAc_Ms_mg100g_DW,CafAc_DW,Evaluation in Breeding Trials,Postharvest,Recommended,,CIP,Breeders,2018-10-10 00:00:00,EN,Potato
CO_330:0000655,CafAc_Cp_mg100g_FW,CafAc_FW,Evaluation in Breeding Trials,Postharvest,Recommended,,CIP,Breeders,2018-10-10 00:00:00,EN,Potato
CO_330:0000656,Trip_Ms_mg100g_DW,Trip_DW,Evaluation in Breeding Trials,Postharvest,Recommended,,CIP,Breeders,2018-10-10 00:00:00,EN,Potato
CO_330:0000657,Trip_Cp_mg100g_FW,Trip_FW,Evaluation in Breeding Trials,Postharvest,Recommended,,CIP,Breeders,2018-10-10 00:00:00,EN,Potato
CO_330:0000658,Tphe_Ms_mg100g_DW,Tphe_DW,Evaluation in Breeding Trials,Postharvest,Recommended,,CIP,Breeders,2018-10-10 00:00:00,EN,Potato
CO_330:0000659,Tphe_Cp_mg100g_FW,Tphe_FW,Evaluation in Breeding Trials,Postharvest,Recommended,,CIP,Breeders,2018-10-10 00:00:00,EN,Potato
CO_330:0000660,Tgly_Ms_mg100g_fw,Tgly_DW,Evaluation in Breeding Trials,Postharvest,Recommended,,CIP,Breeders,2018-10-10 00:00:00,EN,Potato
CO_330:0000661,Tgly_Cp_mg100g_FW,Tgly_FW,Evaluation in Breeding Trials,Postharvest,Recommended,,CIP,Breeders,2018-10-10 00:00:00,EN,Potato
CO_330:0000662,Vio_Cp_ug100g_FW,Vio_DW,Evaluation in Breeding Trials,Postharvest,Recommended,,CIP,Breeders,2018-10-10 00:00:00,EN,Potato
CO_330:0000663,Vio_Ms_ug100g_DW,Vio_FW,Evaluation in Breeding Trials,Postharvest,Recommended,,CIP,Breeders,2018-10-10 00:00:00,EN,Potato
CO_330:0000664,Ant_Cp_ug100g_FW,Ant_DW,Evaluation in Breeding Trials,Postharvest,Recommended,,CIP,Breeders,2018-10-10 00:00:00,EN,Potato
CO_330:0000665,Ant_Ms_ug100g_DW,Ant_FW,Evaluation in Breeding Trials,Postharvest,Recommended,,CIP,Breeders,2018-10-10 00:00:00,EN,Potato
CO_330:0000666,Lute_Cp_ug100g_FW,Lute_DW,Evaluation in Breeding Trials,Postharvest,Recommended,,CIP,Breeders,2018-10-10 00:00:00,EN,Potato
CO_330:0000667,Lute_Ms_ug100g_DW,Lute_FW,Evaluation in Breeding Trials,Postharvest,Recommended,,CIP,Breeders,2018-10-10 00:00:00,EN,Potato
CO_330:0000668,Zea_Cp_ug100g_FW,Zea_DW,Evaluation in Breeding Trials,Postharvest,Recommended,,CIP,Breeders,2018-10-10 00:00:00,EN,Potato
CO_330:0000669,Zea_Ms_ug100g_DW,Zea_FW,Evaluation in Breeding Trials,Postharvest,Recommended,,CIP,Breeders,2018-10-10 00:00:00,EN,Potato
CO_330:0000670,Betacaro_Cp_ug100g_DW,Betacaro_DW,Evaluation in Breeding Trials,Postharvest,Recommended,,CIP,Breeders,2018-10-10 00:00:00,EN,Potato
CO_330:0000671,Betacaro_Ms_ug100g_FW,Betacaro_FW,Evaluation in Breeding Trials,Postharvest,Recommended,,CIP,Breeders,2018-10-10 00:00:00,EN,Potato
CO_330:0000672,Neo_Cp_ug100g_DW,Neo_DW,Evaluation in Breeding Trials,Postharvest,Recommended,,CIP,Breeders,2018-10-10 00:00:00,EN,Potato
CO_330:0000673,Neo_Ms_ug100g_FW,Neo_FW,Evaluation in Breeding Trials,Postharvest,Recommended,,CIP,Breeders,2018-10-10 00:00:00,EN,Potato
CO_330:0000674,Caro_Cp_ug100gDW,Caro_DW,Evaluation in Breeding Trials,Postharvest,Recommended,,CIP,Breeders,2018-10-10 00:00:00,EN,Potato
CO_330:0000675,Caro_Ms_ug100gFW,Caro_FW,Evaluation in Breeding Trials,Postharvest,Recommended,,CIP,Breeders,2018-10-10 00:00:00,EN,Potato
CO_330:0000676,IdCFlo_obs_1-10,,Characterizing stocks,Flowering stage,Recommended,De Haan et al. 2017,CIP,Breeder,2018-10-10 00:00:00,EN,Potato
CO_330:0000677,IdCHav_obs_1-13,,Characterizing stocks,Harvest stage,Recommended,De Haan et al. 2017,CIP,Breeder,2018-10-10 00:00:00,EN,Potato
CO_330:0000678,IdCPhv_obs_1-3,,Characterizing stocks,Post-harvest stage,Recommended,De Haan et al. 2017,CIP,Breeder,2018-10-10 00:00:00,EN,Potato
CO_330:0000679,PlArc_obs_1-13,,Characterizing stocks,Flowering stage,Recommended,De Haan et al. 2017,CIP,Breeder,2018-10-10 00:00:00,EN,Potato
CO_330:0000680,FolCol_obs_1-4,,Characterizing stocks,Flowering stage,Recommended,De Haan et al. 2017,CIP,Breeder,2018-10-10 00:00:00,EN,Potato
CO_330:0000681,LefTyp_obs_1-5,,Characterizing stocks,Flowering stage,Recommended,De Haan et al. 2017,CIP,Breeder,2018-10-10 00:00:00,EN,Potato
CO_330:0000682,FlwCol_obs_1-3,,Characterizing stocks,Flowering stage,Recommended,De Haan et al. 2017,CIP,Breeder,2018-10-10 00:00:00,EN,Potato
CO_330:0000683,RAlter_obs_1-2,,Biotic stress trait,From full emergence until start of senescense,Recommended,De Haan et al. 2017,CIP,Breeders,2018-10-10 00:00:00,EN,Potato
CO_330:0000684,RMVir_obs_1-2,,Biotic stress trait,From full emergence until start of senescense,Recommended,De Haan et al. 2017,CIP,Breeders,2018-10-10 00:00:00,EN,Potato
CO_330:0000685,RnMth_obs_1-9,,Biotic stress trait,From full emergence until start of senescense,Recommended,De Haan et al. 2017,CIP,Breeders,2018-10-10 00:00:00,EN,Potato
CO_330:0000686,RnAph_obs_1-9,,Biotic stress trait,From full emergence until start of senescense,Recommended,De Haan et al. 2017,CIP,Breeders,2018-10-10 00:00:00,EN,Potato
CO_330:0000687,RnSSPW_obs_1-9,,Biotic stress trait,From full emergence until start of senescense,Recommended,De Haan et al. 2017,CIP,Breeders,2018-10-10 00:00:00,EN,Potato
CO_330:0000688,lDro_obs_1-2,,Abiotic stress trait,From full emergence until start of senescense,Recommended,De Haan et al. 2017,CIP,Breeders,2018-10-10 00:00:00,EN,Potato
CO_330:0000689,lHst_obs_1-2,,Abiotic stress trait,From full emergence until start of senescense,Recommended,De Haan et al. 2017,CIP,Breeders,2018-10-10 00:00:00,EN,Potato
CO_330:0000690,lFrost_obs_1-2,,Abiotic stress trait,From full emergence until start of senescense,Recommended,De Haan et al. 2017,CIP,Breeders,2018-10-10 00:00:00,EN,Potato
CO_330:0000691,lMoS_obs_1-2,,Abiotic stress trait,From full emergence until start of senescense,Recommended,De Haan et al. 2017,CIP,Breeders,2018-10-10 00:00:00,EN,Potato
CO_330:0000692,NuEyTb_obs_1-2,,Characterizing stocks,Harvest,Recommended,De Haan et al. 2017,CIP,Breeder,2018-10-10 00:00:00,EN,Potato
CO_330:0000693,TexSkn_obs_1-5,,Characterizing stocks,Harvest,Recommended,De Haan et al. 2017,CIP,Breeder,2018-10-10 00:00:00,EN,Potato
CO_330:0000694,TbHcom_obs_1-5,,Evaluation in Breeding Trials,Harvest,Recommended,De Haan et al. 2017,CIP,Breeder,2018-10-10 00:00:00,EN,Potato
CO_330:0000695,SprEal_obs_1-2,,Evaluation in Breeding Trials,Harvest,Recommended,De Haan et al. 2017,CIP,Breeder,2018-10-10 00:00:00,EN,Potato
CO_330:0000696,SprTyp_obs_1-2,,Evaluation in Breeding Trials,Harvest,Recommended,De Haan et al. 2017,CIP,Breeder,2018-10-10 00:00:00,EN,Potato
CO_330:0000697,GlFaPr_Cp,MSGLO,Evaluation in Breeding Trials,Havest stage,Recommended,De Haan et al. 2017,CIP,Breeder,2018-10-10 00:00:00,EN,Potato
CO_330:0000698,TbApAc_obs_1-5,APPEARANCE,Evaluation in Breeding Trials,Post-harvest stage,Recommended,De Haan et al. 2017,CIP,Breeder,2018-10-10 00:00:00,EN,Potato
CO_330:0000728,CC_G_Et_%,CCG,,vegetative period,Recommended,"Cabello, R. et al. 2020",CIP,"Cabello, R.",2019-09-10 00:00:00,EN,Potato
CO_330:0000730,CC_SC_Et_%,CCSC,,vegetative period,Recommended,"Cabello, R. et al. 2020",CIP,"Cabello, R.",2019-09-10 00:00:00,EN,Potato
CO_330:0000732,CC_AV_Et_%,CCAV,,vegetative period,Recommended,"Cabello, R. et al. 2020",CIP,"Cabello, R.",2019-09-10 00:00:00,EN,Potato
CO_330:0000735,Hidw_Cp_%,HI_DW,,Postharvest,Recommended,"Cabello, R. et al. 2020",CIP,"Cabello, R.",2019-09-10 00:00:00,EN,Potato
CO_330:0000738,Hifw_Cp_%,HI_FW,,Postharvest,Recommended,"Cabello, R. et al. 2020",CIP,"Cabello, R.",2019-09-10 00:00:00,EN,Potato
CO_330:0000741,RWC_Cp_%,RWC_EV,,vegetative period,Recommended,"Cabello, R. et al. 2020",CIP,"Cabello, R.",2019-09-10 00:00:00,EN,Potato
CO_330:0000743,FfrOTex_Et_1to5,FFROTEX,,Postharvest,Recommended,"Salas, E. et al.2019",CIP,Breeders,20-mars-20,EN,Potato
CO_330:0000745,FfrInTex_Et_1to5,FFRINTEX,,Postharvest,Recommended,"Salas, E. et al.2019",CIP,Breeders,20-mars-20,EN,Potato
CO_330:0000747,CT_TG_Ms_?,,,vegetative period,Recommended,"Cabello, R. et al. 2020",CIP,"Cabello, R.",2019-09-10 00:00:00,EN,Potato
CO_330:0000749,CT_TI_Ms_?,,,vegetative period,Recommended,"Cabello, R. et al. 2020",CIP,"Cabello, R.",2019-09-10 00:00:00,EN,Potato
CO_330:0000751,CT_AV_Ms_?,Tc_EV,,vegetative period,Recommended,"Cabello, R. et al. 2020",CIP,"Cabello, R.",2019-09-10 00:00:00,EN,Potato
CO_330:0000753,CT_Cp_?,CTD_EV,,vegetative period,Recommended,"Cabello, R. et al. 2020",CIP,"Cabello, R.",2019-09-10 00:00:00,EN,Potato
CO_330:0000755,CT_AvCp_?,CTD_AvEV,,vegetative period,Recommended,"Cabello, R. et al. 2020",CIP,"Cabello, R.",2019-09-10 00:00:00,EN,Potato
CO_330:0000758,PlHe_Ms_cm,PLAHE_EV,Each plant should be measured with a ruler or a measureing tape after hilling but before drought treatments,vegetative period,Recommended,"Cabello, R. et al. 2020",CIP,"Cabello, R.",2019-09-10 00:00:00,EN,Potato
CO_330:0000761,RDm_Ms_cm,RDM,,Postharvest,Recommended,"Cabello, R. et al. 2020",CIP,"Cabello, R.",2019-09-10 00:00:00,EN,Potato
CO_330:0000764,RL_Ms_cm,RL,,vegetative period,Recommended,"Cabello, R. et al. 2020",CIP,"Cabello, R.",2019-09-10 00:00:00,EN,Potato
CO_330:0000765,LSLA_Ms_cm2,LFA_EV,,vegetative period,Recommended,"Cabello, R. et al. 2020",CIP,"Cabello, R.",2019-09-10 00:00:00,EN,Potato
CO_330:0000766,LfletA_Ms_cm2,LFA_EV,,vegetative period,Recommended,"Cabello, R. et al. 2020",CIP,"Cabello, R.",2019-09-10 00:00:00,EN,Potato
CO_330:0000769,SI_Cp,SI,,Postharvest,Recommended,"Cabello, R. et al. 2020",CIP,"Cabello, R.",2019-09-10 00:00:00,EN,Potato
CO_330:0000773,PW_Et_1to9,PW_EV,,vegetative period,Recommended,"Cabello, R. et al. 2020",CIP,"Cabello, R.",2019-09-10 00:00:00,EN,Potato
CO_330:0000776,DSI_Cp,DSI,,Postharvest,Recommended,"Cabello, R. et al. 2020",CIP,"Cabello, R.",2019-09-10 00:00:00,EN,Potato
CO_330:0000779,DTI_Cp_,DTI,,Postharvest,Recommended,"Cabello, R. et al. 2020",CIP,"Cabello, R.",2019-09-10 00:00:00,EN,Potato
CO_330:0000781,Sg_Ms_Hyd,SG,,Postharvest,Recommended,"Salas, E. et al.2019",CIP,Breeders,20-mars-20,EN,Potato
CO_330:0000784,WUE_Cp,WUE,,Postharvest,Recommended,"Cabello, R. et al. 2020",CIP,"Cabello, R.",2019-09-10 00:00:00,EN,Potato
CO_330:0000786,DkAfBl_Et_1to5,DAR,,Postharvest,Recommended,"Salas, E. et al.2019",CIP,Breeders,20-mars-20,EN,Potato
CO_330:0000790,FfrExApp_Et_1to5,FFREXAPP,,Postharvest,Recommended,"Salas, E. et al.2019",CIP,Breeders,20-mars-20,EN,Potato
CO_330:0000792,FfrExC_Et_1to5,FFREXC,,Postharvest,Recommended,"Salas, E. et al.2019",CIP,Breeders,20-mars-20,EN,Potato
CO_330:0000795,FfrInC_Et_1to5,FFRINC,,Postharvest,Recommended,"Salas, E. et al.2019",CIP,Breeders,20-mars-20,EN,Potato
CO_330:0000796,APDMC_Cp_gplant,APDMCPL,,Postharvest,Recommended,"Cabello, R. et al. 2020",CIP,"Cabello, R.",2019-09-10 00:00:00,EN,Potato
CO_330:0000797,TBDMC_Cp_gplant,TBDMCP,,vegetative period,Recommended,"Cabello, R. et al. 2020",CIP,"Cabello, R.",2019-09-10 00:00:00,EN,Potato
CO_330:0000798,TBDw_Cp_gplant,TBDWP,,vegetative period,Recommended,"Cabello, R. et al. 2020",CIP,"Cabello, R.",2019-09-10 00:00:00,EN,Potato
CO_330:0000799,TBFw_Cp_gplant,TBFWP,,vegetative period,Recommended,"Cabello, R. et al. 2020",CIP,"Cabello, R.",2019-09-10 00:00:00,EN,Potato
CO_330:0000802,LfChC_Ms_ugml,Chl_content,,vegetative period,Recommended,"Cabello, R. et al. 2020",CIP,"Cabello, R.",2019-09-10 00:00:00,EN,Potato
CO_330:0000805,LfChCIn_Ms_SPAD,ChlSPAD_EV,,vegetative period,Recommended,"Cabello, R. et al. 2020",CIP,"Cabello, R.",2019-09-10 00:00:00,EN,Potato
CO_330:0000808,LfChCIn_Ms_SCOUT,,,vegetative period,Recommended,"Cabello, R. et al. 2020",CIP,"Cabello, R.",2019-09-10 00:00:00,EN,Potato
CO_330:0000812,SLA_Cp_cm2g,SLA_EV,,vegetative period,Recommended,"Cabello, R. et al. 2020",CIP,"Cabello, R.",2019-09-10 00:00:00,EN,Potato
CO_330:0000813,RsDMC_Cp_gplant,RSDMCPL,,Postharvest,Recommended,"Cabello, R. et al. 2020",CIP,"Cabello, R.",2019-09-10 00:00:00,EN,Potato
CO_330:0000814,APDMC_Cp_gplot,APDMCP,,Postharvest,Recommended,"Cabello, R. et al. 2020",CIP,"Cabello, R.",2019-09-10 00:00:00,EN,Potato
CO_330:0000818,LfletTgw_Ms_mg,Leaflet_TW,,Postharvest,Recommended,"Cabello, R. et al. 2020",CIP,"Cabello, R.",2019-09-10 00:00:00,EN,Potato
CO_330:0000822,PlDsIn_Et_0to1,PLDS,,vegetative period,Recommended,"Cabello, R. et al. 2020",CIP,"Cabello, R.",2019-09-10 00:00:00,EN,Potato
CO_330:0000826,ET_Cp_ml,ET,,Postharvest,Recommended,"Cabello, R. et al. 2020",CIP,"Cabello, R.",2019-09-10 00:00:00,EN,Potato
CO_330:0000827,TBDMC_Cp_gplot,TBDMC,,vegetative period,Recommended,"Cabello, R. et al. 2020",CIP,"Cabello, R.",2019-09-10 00:00:00,EN,Potato
CO_330:0000828,TBDw_Cp_gplot,TBDWPL,,vegetative period,Recommended,"Cabello, R. et al. 2020",CIP,"Cabello, R.",2019-09-10 00:00:00,EN,Potato
CO_330:0000829,TBFw_Cp_gplot,TBFWPL,,vegetative period,Recommended,"Cabello, R. et al. 2020",CIP,"Cabello, R.",2019-09-10 00:00:00,EN,Potato
CO_330:0000830,RsDMC_Cp_gplot,RSDMCP,,Postharvest,Recommended,"Cabello, R. et al. 2020",CIP,"Cabello, R.",2019-09-10 00:00:00,EN,Potato
CO_330:0000834,RD_Et_1to3,RD,,vegetative period,Recommended,"Cabello, R. et al. 2020",CIP,"Cabello, R.",2019-09-10 00:00:00,EN,Potato
CO_330:0000837,DrTolind_Cp_kg,TOL,,Postharvest,Recommended,"Cabello, R. et al. 2020",CIP,"Cabello, R.",2019-09-10 00:00:00,EN,Potato
CO_330:0000839,MPrPlant_Cp_kg,MP,,Postharvest,Recommended,"Cabello, R. et al. 2020",CIP,"Cabello, R.",2019-09-10 00:00:00,EN,Potato
CO_330:0000841,GMPrPlant_Cp_kg,GMP,,Postharvest,Recommended,"Cabello, R. et al. 2020",CIP,"Cabello, R.",2019-09-10 00:00:00,EN,Potato
CO_330:0000843,GMTTWT_Cp_kg,GMTTWT,,Postharvest,Recommended,"Cabello, R. et al. 2020",CIP,"Cabello, R.",2019-09-10 00:00:00,EN,Potato
CO_330:0000847,SD_Ms_cm,SD_EV,,vegetative period,Recommended,"Cabello, R. et al. 2020",CIP,"Cabello, R.",2019-09-10 00:00:00,EN,Potato
CO_330:0000851,SNPP_Ct_plant,SNPP,,vegetative period,Recommended,"Cabello, R. et al. 2020",CIP,"Cabello, R.",2019-09-10 00:00:00,EN,Potato
CO_330:0000853,TbFlafbl_Et_1to7,FLABOIL,,Postharvest,Recommended,"Salas, E. et al.2019",CIP,Breeders,20-mars-20,EN,Potato
CO_330:0000855,TbStFlafbl_Et_1to5,STFLA,,Postharvest,Recommended,"Salas, E. et al.2019",CIP,Breeders,20-mars-20,EN,Potato
CO_330:0000858,TubFlsGlu_Cp_mgdl,AGLU,,Postharvest,Recommended,"Salas, E. et al.2019",CIP,Breeders,20-mars-20,EN,Potato
CO_330:0000860,CR_GS_Ms_NDVI,CR_EV,,vegetative period,Recommended,"Cabello, R. et al. 2020",CIP,"Cabello, R.",2019-09-10 00:00:00,EN,Potato
CO_330:0000862,Textabl_Et_1to6,TEXTABL,,Postharvest,Recommended,"Salas, E. et al.2019",CIP,Breeders,20-mars-20,EN,Potato
CO_330:0000864,CR_TC_Ms_NDVI,,,vegetative period,Recommended,"Cabello, R. et al. 2020",CIP,"Cabello, R.",2019-09-10 00:00:00,EN,Potato
CO_330:0000866,CR_AV_Ms_NDVI,,,vegetative period,Recommended,"Cabello, R. et al. 2020",CIP,"Cabello, R.",2019-09-10 00:00:00,EN,Potato
CO_330:0000868,TbQua_Tri_1to3,,Citizen science,Postharvest,Recommended,,CLIMMOB,Jacob Van Etten,1-dec-2021,EN,Potato
CO_330:0000872,PlPtIn_tri_1to3,,Citizen science,,Recommended,,CLIMMOB,Jacob Van Etten,1-dec-2021,EN,Potato
CO_330:0000874,MatTm_Tri_1to3,,Citizen science,,Recommended,,CLIMMOB,Jacob Van Etten,1-dec-2021,EN,Potato
CO_330:0000876,TbMkquH_Tri_1to3,,Citizen science,Postharvest,Recommended,,CLIMMOB,Jacob Van Etten,1-dec-2021,EN,Potato
CO_330:0000878,TbMkquS_Tri_1to3,,Citizen science,Postharvest,Recommended,,CLIMMOB,Jacob Van Etten,1-dec-2021,EN,Potato
CO_330:0000880,Boiled potato moisture release measurement 2 pt scale,BoiPotatRelMoistinHd_Meas_2pt,Trained sensory panel,,Recommended,https://agritrop.cirad.fr/602591/,"CIP, CIRAD",Mariam Nakitto,2020-01-29 00:00:00,EN,Potato
CO_330:0000881,Boiled potato bitter aftertaste measurement 2 pt scale,BoiPotatBittAftrTast_2pt,Trained sensory panel,,Recommended,https://agritrop.cirad.fr/602591/,"CIP, CIRAD",Mariam Nakitto,2020-01-29 00:00:00,EN,Potato
CO_330:0000882,Boiled potato crunchiness measurement 0-10 scale,BoiPotatCrunchMout_0to10,Trained sensory panel,,Recommended,https://agritrop.cirad.fr/602591/,"CIP, CIRAD",Mariam Nakitto,2020-01-29 00:00:00,EN,Potato
CO_330:0000883,Boiled potato translucency measurement 0-10 scale,BoiPotatTransl_0to10,Trained sensory panel,,Recommended,https://agritrop.cirad.fr/602591/,"CIP, CIRAD",Mariam Nakitto,2020-01-29 00:00:00,EN,Potato
CO_330:0000884,Boiled potato cohesiveness/moldability measurement scale 0-10,BoiPotatMoldIInHd_Meas_0to9,Trained sensory panel,,Recommended,https://agritrop.cirad.fr/602591/,"CIP, CIRAD",Mariam Nakitto,2020-01-29 00:00:00,EN,Potato
CO_330:0000885,Boiled potato cooked carrot aroma  scale 0-10,BoiPotatCarrArom_Meas_0to10,Trained sensory panel,,Recommended,https://agritrop.cirad.fr/602591/,"CIP, CIRAD",Mariam Nakitto,2020-01-29 00:00:00,EN,Potato
CO_330:0000886,Boiled potato fracturability measurement scale 0-10,BoiPotatFract_Meas_0to9,Trained sensory panel,,Recommended,https://agritrop.cirad.fr/602591/,"CIP, CIRAD",Mariam Nakitto,2020-01-29 00:00:00,EN,Potato
CO_330:0000887,Boiled potato green vegetable aroma measurement scale 0-10,BoiPotatVegArom_Meas_0to10,Trained sensory panel,,Recommended,https://agritrop.cirad.fr/602591/,"CIP, CIRAD",Mariam Nakitto,2020-01-29 00:00:00,EN,Potato
CO_330:0000888,Boiled potato hardness in mouth scale measurement 0-10,BoiPotatHardMout_Meas_0to9,Trained sensory panel,,Recommended,https://agritrop.cirad.fr/602591/,"CIP, CIRAD",Mariam Nakitto,2020-01-29 00:00:00,EN,Potato
CO_330:0000889,Boiled potato homogeinity of colour measurement scale 0-10,BoiPotatColHom_Meas_0to9,Trained sensory panel,,Recommended,https://agritrop.cirad.fr/602591/,"CIP, CIRAD",Mariam Nakitto,2020-01-29 00:00:00,EN,Potato
CO_330:0000890,Boiled potato mealiness measurement scale 0-10,BoiPotatMealnMout_Meas_0to9,Trained sensory panel,,Recommended,https://agritrop.cirad.fr/602591/,"CIP, CIRAD",Mariam Nakitto,2020-01-29 00:00:00,EN,Potato
CO_330:0000891,Boiled potato moisture in the mass measurement scale 0-10,BoiPotatMassMoistMout_Meas_0to9,Trained sensory panel,,Recommended,https://agritrop.cirad.fr/602591/,"CIP, CIRAD",Mariam Nakitto,2020-01-29 00:00:00,EN,Potato
CO_330:0000892,Boiled potato cooked potato odour measurement scale 0-10,BoiPotatOdPotat_Meas_0to10,Trained sensory panel,,Recommended,https://agritrop.cirad.fr/602591/,"CIP, CIRAD",Mariam Nakitto,2020-01-29 00:00:00,EN,Potato
CO_330:0000893,Boiled potato boiled carrot odour measurement scale 0-10,BoiPotatOdCarr_Meas_0to10,Trained sensory panel,,Recommended,https://agritrop.cirad.fr/602591/,"CIP, CIRAD",Mariam Nakitto,2020-01-29 00:00:00,EN,Potato
CO_330:0000894,Boiled potato green vegetable odour measurement scale 0-10,BoiPotatOdRtCr_Meas_0to10,Trained sensory panel,,Recommended,https://agritrop.cirad.fr/602591/,"CIP, CIRAD",Mariam Nakitto,2020-01-29 00:00:00,EN,Potato
CO_330:0000895,Boiled potato potato aroma measurement scale 0-10,BoiPotatPotatArom_Meas_0to10,Trained sensory panel,,Recommended,https://agritrop.cirad.fr/602591/,"CIP, CIRAD",Mariam Nakitto,2020-01-29 00:00:00,EN,Potato
CO_330:0000896,Boiled potato root tuber aroma measurement scale 0-10,BoiPotatRtTubArom_Meas_0to10,Trained sensory panel,,Recommended,https://agritrop.cirad.fr/602591/,"CIP, CIRAD",Mariam Nakitto,2020-01-29 00:00:00,EN,Potato
CO_330:0000897,Boiled potato root vegetable odour sclae 0-10,BoiPotatOdVegroot__Meas_0to10,Trained sensory panel,,Recommended,https://agritrop.cirad.fr/602591/,"CIP, CIRAD",Mariam Nakitto,2020-01-29 00:00:00,EN,Potato
CO_330:0000898,Boiled potato smoothness measurement scale 0-10,BoiPotatSmoothMout_Meas_0to9,Trained sensory panel,,Recommended,https://agritrop.cirad.fr/602591/,"CIP, CIRAD",Mariam Nakitto,2020-01-29 00:00:00,EN,Potato
CO_330:0000899,Boiled potato texture in mouth uniformity scale 0-&0,BoiPotatTextUnif_Meas_0to10,Trained sensory panel,,Recommended,https://agritrop.cirad.fr/602591/,"CIP, CIRAD",Mariam Nakitto,2020-01-29 00:00:00,EN,Potato
CO_330:0000900,Boiled potato yellow colour measurement scale 0-10,BoiPotatYelCol_Meas_0to9,Trained sensory panel,,Recommended,https://agritrop.cirad.fr/602591/,"CIP, CIRAD",Mariam Nakitto,2020-01-29 00:00:00,EN,Potato
CO_330:0000901,Boiled potato chalkiness of peeled surface colour Scale 0-10,BoiPotSurfChalk_Meas_0to10,Trained sensory panel,,Recommended,https://agritrop.cirad.fr/602591/,"CIP, CIRAD",Mariam Nakitto,2020-01-29 00:00:00,EN,Potato
CO_330:0000902,"Boiled potato stickiness in hand ,scale 0-10",BoiPotStickInHd_Meas_0to10,Trained sensory panel,,Recommended,https://agritrop.cirad.fr/602591/,"CIP, CIRAD",Mariam Nakitto,2020-01-29 00:00:00,EN,Potato
